{
	"maas": 
		{
		    "version": "x",
			"status": "ACTIVE",
			"UIDef": 
				{
				    "inputSource":"<SOURCE_INPUT>",
					"parserDef":
						{
							"name":"<NAME>",
							"types":"<TYPES>"
						},
                    "inputAdapter":
						{
							"bootstrap.servers":"<KAFKA_BROKER_FOR_PUBLISHER>",
							"name" : "<SUBSCRIBER_TOPIC_NAME>"
						},
					"outputAdapter":
						{
							"bootstrap.servers":"<KAFKA_BROKER_FOR_SUBSCRIBER>",
							"name" : "<PUBLISHER_TOPIC_NAME>"
						}
				}
		}
		
}