<?xml version="1.0" encoding="UTF-8"?>
<p:streamIndicatorConfiguration xmlns:p="com.ericsson.component.aia.mediation.netty.component.indicator/StreamIndicator" xmlns:xsi="http://www.w3.org/2001/XMLSchema-instance" xsi:schemaLocation="com.ericsson.component.aia.mediation.netty.component.indicator/StreamIndicator ../../main/resources/stream-indicator.xsd ">
<!--
!!!!!!!!!!!!!!!!!!!!!!!!!!!!!!!!!!!!!!!!!!!!!!!!!!!!!!!!!!!!!!!!!!!!!!!!!!!!!!!!!!!!!!!

This file must be in sync with filter configuration / configuration located in server handshake
 * all contributions should be present over there

!!!!!!!!!!!!!!!!!!!!!!!!!!!!!!!!!!!!!!!!!!!!!!!!!!!!!!!!!!!!!!!!!!!!!!!!!!!!!!!!!!!!!!!
 -->
  <contributions>
    <contribution type="ENODEB">
      <matcher clazz="com.ericsson.component.aia.mediation.netty.component.indicator.matcher.MuxEventLengthMatcher" name="ENODEB_LENGTH_412">
        <param>412</param>
      </matcher>
      <matcher clazz="com.ericsson.component.aia.mediation.netty.component.indicator.matcher.MuxEventLengthMatcher" name="ENODEB_LENGTH_425">
        <param>425</param>
      </matcher>
    </contribution>
  </contributions>
</p:streamIndicatorConfiguration>