<?xml version="1.0" encoding="UTF-8"?>
<p:datapathConfiguration
  name="stream_in_server"
  bossExecutorReference="stream_boss"
  workerExecutorReference="stream_in"
  channelConfigurationReference="stream_in_config"
  transport="NIO_SOCKET_SERVER"
  version="1.0.TEST"
  xmlns:p="com.ericsson.component.aia.mediation.engine.netty.core"
  xmlns:xsi="http://www.w3.org/2001/XMLSchema-instance"
  xsi:schemaLocation="com.ericsson.component.aia.mediation.engine.netty.core com.ericsson.component.aia.mediation.engine.netty.core.xsd">

  <components>
	<component>com.ericsson.component.aia.mediation.netty.component.nodechecker.NodeCheckerComponent</component>
	<component>com.ericsson.component.aia.mediation.netty.component.decoder.EventDecoderComponent</component>
	<component>com.ericsson.component.aia.mediation.netty.component.bandwidth.channel.ChannelBandwidthComponent</component>
	<component>com.ericsson.component.aia.mediation.netty.component.statistics.StatisticsComponent</component>
	<component>com.ericsson.component.aia.mediation.netty.component.indicator.StreamIndicatorComponent</component>
	<component>com.ericsson.component.aia.mediation.netty.component.record.indicator.RecordIndicatorComponent</component>
	<component>com.ericsson.component.aia.mediation.netty.component.multiplex.connector.MultiplexConnectorComponent</component>
	<component>com.ericsson.component.aia.mediation.netty.component.exception.handler.ExceptionHandlerComponent</component>
  </components>
  <address>0.0.0.0</address>
  <port>10101</port>
</p:datapathConfiguration>
