

{
  "type" : "PUBLISHER",
  "properties" : [
    {"name" :"request.timeout.ms", "value" :  "1000"},
    {"name" :"bootstrap.servers" , "value" :  "192.168.0.139:9092"},
    {"name" :"acks"              , "value" :  "all"},
    {"name" :"retries"           , "value" :  "0"},
    {"name" :"batch.size"        , "value" :  "16384"},
    {"name" :"linger.ms"         , "value" :  "1"},
    {"name" :"buffer.memory"     , "value" :  "33554432"},
    {"name" :"partition_count"   , "value" :   "1"},
    {"name" :"auto.create.topics.enable"  , "value" :   "true"}

  ],
  "destinations" : [
    { 
	  "name" : "<PUBLISHER_TOPIC_NAME>",
      "properties" : [
        {"name" : "key.serializer",            "value" : "org.apache.kafka.common.serialization.StringSerializer"},
        {"name" : "value.serializer",          "value" : "com.ericsson.component.aia.common.avro.kafka.encoder.KafkaGenericRecordEncoder"}
      ]
    }
  ]
}

