<?xml version="1.0" encoding="UTF-8"?>
<FlowDefinition xmlns:oc="urn:com:ericsson:schema:xml:oss:oss_common" xmlns="urn:com:ericsson:schema:xml:oss:fbp_flow"
                oc:ns="com.ericsson.oss.services" oc:name="EsnSolutionSet" oc:version="1.0.0">

    <oc:modelCreationInfo author="edeclyd" creationDate="25/04/2016">
        <oc:designedModel componentId="avroParserEps"/>
    </oc:modelCreationInfo>

    <oc:desc>Provides the mediation from the raw event bus to the decoded event bus</oc:desc>

    <input name="RawInputAdapter">
        <attribute name="uri" value="generic:/" />
        <attribute name="integration.point.uri" value="local:///ericsson/apeps/flow" />
        <attribute name="integration.point.name" value="EsnLteRanParserSubscriberRaw_INTEGRATION_POINT" />
    </input>

    <output name="AvroOutputAdapter">
        <attribute name="uri" value="avro:/"/>
        <attribute name="integration.point.uri" value="local:///ericsson/apeps/flow" />
        <attribute name="integration.point.name" value="EsnLteRanParserPublisherDecoded_INTEGRATION_POINT" />
    </output>

    <step name="BatchSplitter">
        <handler>
            <className>com.ericsson.component.aia.services.exteps.io.adapter.util.RawBytesConverter</className>
        </handler>
    </step>

    <step name="MissedHeaderHandler">
        <handler>
            <className>com.ericsson.oss.mediation.streaming.parser.cache.MissedHeaderRemoteHandler</className>
        </handler>
    </step>

    <step name="PMStreamParser">
        <handler>
            <className>com.ericsson.component.aia.services.exteps.eh.parser.PmRecordStreamParser</className>
        </handler>
        <attribute name="schematype" value="<EVENT_NAME_DESC>" />
        <attribute name="subnetwork" value="subnetwork" />
        <attribute name="utcoffset" value="+00.00" />
        <attribute name="decodedEventType" value="generic_record" />
    </step>

    <step name="BatchBuffer">
        <handler>
            <className>com.ericsson.component.aia.epscomponent.SingleThreadQueueHandler</className>
        </handler>
        <attribute name="threadname" value="BatchBuffer"/>
        <attribute name="threadqueuesize" value="1000000"/>
    </step>

    <step name="HeaderBuffer">
        <handler>
            <className>com.ericsson.component.aia.epscomponent.SingleThreadQueueHandler</className>
        </handler>
        <attribute name="threadname" value="HeaderBuffer"/>
        <attribute name="threadqueuesize" value="1000000"/>
    </step>

    <step name="ParserBuffer">
        <handler>
            <className>com.ericsson.component.aia.epscomponent.SingleThreadQueueHandler</className>
        </handler>
        <attribute name="threadname" value="ParserBuffer"/>
        <attribute name="threadqueuesize" value="1000000"/>
    </step>

    <path>
        <from uri="RawInputAdapter"/>
        <to uri="BatchSplitter"/>
        <to uri="BatchBuffer"/>
        <to uri="MissedHeaderHandler"/>
        <to uri="HeaderBuffer"/>
        <to uri="PMStreamParser"/>
        <to uri="ParserBuffer"/>
        <to uri="AvroOutputAdapter"/>
    </path>

</FlowDefinition>
