{
  "type": "PUBLISHER",
  "properties": [
    {
      "name": "request.timeout.ms",
      "value": "1000"
    },
    {
      "name": "acks",
      "value": "all"
    },
    {
      "name": "retries",
      "value": "0"
    },
    {
      "name": "batch.size",
      "value": "1048576"
    },
    {
      "name": "linger.ms",
      "value": "2000"
    },
    {
      "name": "buffer.memory",
      "value": "104857600"
    },
    {
      "name": "key.serializer",
      "value": "org.apache.kafka.common.serialization.StringSerializer"
    },
    {
      "name": "value.serializer",
      "value": "org.apache.kafka.common.serialization.ByteArraySerializer"
    },
    {
      "name": "partitioner.class",
      "value": "com.ericsson.component.aia.mediation.netty.kafka.SourceIdPartitioner"
    },
    {
      "name": "bootstrap.servers",
      "value": "192.168.0.139:9092"
    }
  ],
  "destinations": [
    {
      "name": "<SUBSCRIBER_TOPIC_NAME>"
    }
  ]
}